Date;mm
Friday 29Oct-10;15,0
Thursday 04Nov-10;3,0
Friday 05Nov-10;4,0
Wednesday 10Nov-10;4,0
Sunday 14Nov-10;4,0
Tuesday 16Nov-10;6,5
Friday 19Nov-10;5,9
Tuesday 23Nov-10;28,0
Wednesday 24Nov-10;1,0
Thursday 02Dec-10;34,0
Thursday 09Dec-10;2,0
Sunday 12Dec-10;19,0
Monday 13Dec-10;1,0
Tuesday 14Dec-10;7,0
Wednesday 15Dec-10;9,0
Thursday 16Dec-10;90,0
Friday 17Dec-10;24,5
Sunday 19Dec-10;3,0
Monday 20Dec-10;12,0
Tuesday 28Dec-10;20,0
Wednesday 29Dec-10;7,5
Friday 31Dec-10;50,0
Saturday 01Jan-11;32,0
Sunday 02Jan-11;10,0
Monday 03Jan-11;26,0
Wednesday 05Jan-11;15,0
Thursday 06Jan-11;27,0
Sunday 09Jan-11;8,0
Monday 10Jan-11;4,0
Monday 17Jan-11;15,0
Tuesday 18Jan-11;60,0
Wednesday 19Jan-11;3,5
Saturday 22Jan-11;5,0
Monday 24Jan-11;12,0
Thursday 27Jan-11;39,0
Thursday 03Feb-11;32,0
Tuesday 08Feb-11;28,0
Sunday 13Feb-11;28,0
Sunday 20Feb-11;6,0
Wednesday 23Feb-11;18,0
Saturday 26Feb-11;10,5
Monday 14Mar-11;36,0
Wednesday 16Mar-11;6,0
Thursday 17Mar-11;50,0
Sunday 20Mar-11;40,0
Monday 28Mar-11;53,0
Monday 04Apr-11;3,0
Tuesday 05Apr-11;2,0
Thursday 07Apr-11;4,0
Monday 11Apr-11;3,2
Sunday 17Apr-11;22,5
Wednesday 27Apr-11;7,5
Saturday 16Apr-11;8,0
Saturday 30Apr-11;14,0
Sunday 08May-11;11,0
Thursday 09Jun-11;15,0
Monday 15Aug-11;10,0
Wednesday 14Sept-11;5,0
Saturday 24Sept-11;5,0
Saturday 01Oct-11;25,0
Sunday 02Oct-11;11,5
Wednesday 19Oct-11;8,0
Saturday 29Oct-11;24,0
Sunday 30Oct-11;12,0
Monday 31Oct-11;7,0
Saturday 05Nov-11;13,0
Sunday 13Nov-11;10,0
Sunday 20Nov-11;44,0
Tuesday 22Nov-11;70,0
Wednesday 23Nov-11;8,0
Sunday 27Nov-11;5,0
Thursday 08Dec-11;12,0
Friday 09Dec-11;34,0
Tuesday 13Dec-11;8,0
Thursday 22Dec-11;3,0
Friday 23Dec-11;18,0
Monday 26Dec-11;60,0
Tuesday 27Dec-11;4,0
Monday 02Jan-12;14,0
Wednesday 04Jan-12;1,0
Saturday 07Jan-12;15,0
Monday 09Jan-12;7,0
Wednesday 11Jan-12;8,0
Saturday 28Jan-12;32,0
Sunday 29Jan-12;3,0
Monday 06Feb-12;3,0
Sunday 12Feb-12;13,0
Saturday 18Feb-12;20,0
Sunday 19Feb-12;5,0
Wednesday 22Feb-12;19,0
Thursday 23Feb-12;7,0
Sunday 26Feb-12;26,0
Thursday 08Mar-12;17,0
Sunday 11Mar-12;1,5
Monday 12Mar-12;2,0
Thursday 29Mar-12;26,0
Friday 30Mar-12;7,0
Saturday 31Mar-12;17,0
Thursday 19Apr-12;2,2
Sunday 22Apr-12;5,0
Tuesday 24Apr-12;6,0
Saturday 28Apr-12;3,0
Thursday 06Sept-12;22,0
Friday 07Sept-12;38,0
Saturday 08Sept-12;4,0
Sunday 16Sept-12;18,0
Wednesday 12Sept-12;2,0
Friday 12Oct-12;20,0
Saturday 13Oct-12;37,0
Wednesday 17Oct-12;20,0
Thursday 18Oct-12;2,8
Saturday 20Oct-12;3,5
Monday 22Oct-12;12,0
Wednesday 24Oct-12;19,5
Friday 26Oct-12;2,5
Sunday 28Oct-12;5,6
Tuesday 30Oct-12;3,9
Wednesday 31Oct-12;1,0
Thursday 01Nov-12;3,0
Friday 09Nov-12;3,5
Tuesday 13Nov-12;2,2
Saturday 17Nov-12;6,0
Thursday 22Nov-12;1,0
Friday 23Nov-12;48,0
Saturday 24Nov-12;50,0
Sunday 25Nov-12;32,0
Monday 03Dec-12;13,8
Tuesday 04Dec-12;21,8
Thursday 06Dec-12;1,0
Monday 10Dec-12;4,2
Tuesday 11Dec-12;9,0
Wednesday 12Dec-12;9,0
Saturday 15Dec-12;24,0
Sunday 16Dec-12;8,0
Wednesday 19Dec-12;6,0
Friday 21Dec-12;11,0
Saturday 22Dec-12;7,0
Wednesday 26Dec-12;20,0
Thursday 27Dec-12;4,0
Monday 31Dec-12;0,3
Saturday 12Jan-13;1,8
Tuesday 15Jan-13;21,0
Saturday 19Jan-13;14,0
Sunday 20Jan-13;9,0
Saturday 26Jan-13;1,5
Monday 28Jan-13;4,2
Tuesday 29Jan-13;5,0
Friday 01Feb-13;2,0
Tuesday 05Feb-13;2,5
Wednesday 06Feb-13;21,0
Thursday 07Feb-13;5,0
Friday 08Feb-13;6,0
Sunday 10Feb-13;18,9
Tuesday 12Feb-13;1,3
Wednesday 13Feb-13;7,0
Saturday 16Feb-13;6,0
Tuesday 19Feb-13;14,0
Friday 01Mar-13;5,0
Friday 08Mar-13;3,3
Thursday 14Mar-13;3,8
Saturday 16Mar-13;3,0
Tuesday 26Mar-13;26,0
Wednesday 03Apr-13;10,0
Thursday 04Apr-13;18,0
Saturday 13Apr-13;5,5
Saturday 20Apr-13;55,0
Sunday 19May-13;1,8
Friday 09Aug-13;4,0
Friday 13Sept-13;4,2
Tuesday 08Oct-13;10,0
Friday 11Oct-13;4,5
Monday 21Oct-13;48,0
Tuesday 22Oct-13;20,0
Friday 25Oct-13;2,8
Saturday 26Oct-13;1,2
Tuesday 29Oct-13;8,0
Wednesday 30Oct-13;2,8
Thursday 31Oct-13;1,7
Tuesday 12Nov-13;14,0
Thursday 14Nov-13;19,0
Thursday 21Nov-13;20,0
Sunday 24Nov-13;4,0
Wednesday 27Nov-13;10,0
Thursday 28Nov-13;1,9
Friday 29Nov-13;14,0
Sunday 01Dec-13;6,0
Tuesday 03Dec-13;75,0
Wednesday 04Dec-13;4,0
Tuesday 10Dec-13;5,0
Wednesday 11Dec-13;32,0
Thursday 12Dec-13;12,2
Friday 13Dec-13;2,2
Sunday 15Dec-13;5,1
Wednesday 18Dec-13;28,0
Thursday 19Dec-13;36,0
Friday 20Dec-13;12,2
Saturday 28Dec-13;5,0
Monday 30Dec-13;12,0
Friday 03Jan-14;3,1
Wednesday 08Jan-14;2,0
Tuesday 14Jan-14;31,0
Thursday 16Jan-14;6,0
Monday 20Jan-14;2,0
Tuesday 21Jan-14;1,0
Saturday 25Jan-14;1,5
Sunday 26Jan-14;12,5
Saturday 01Feb-14;12,5
Sunday 02Feb-14;16,0
Monday 03Feb-14;42,0
Friday 07Feb-14;22,0
Sunday 09Feb-14;46,0
Friday 14Feb-14;1,1
Saturday 15Feb-14;2,5
Thursday 20Feb-14;6,0
Friday 21Feb-14;2,2
Saturday 22Feb-14;31,0
Sunday 23Feb-14;0,8
Monday 24Feb-14;2,0
Tuesday 25Feb-14;10,0
Wednesday 26Feb-14;0,7
Sunday 02Mar-14;6,0
Monday 03Mar-14;10,2
Tuesday 04Mar-14;100,0
Wednesday 05Mar-14;40,9
Thursday 06Mar-14;5,0
Saturday 08Mar-14;3,0
Sunday 09Mar-14;1,1
Monday 10Mar-14;20,0
Tuesday 11Mar-14;58,0
Wednesday 12Mar-14;30,0
Thursday 13Mar-14;2,0
Friday 14Mar-14;2,0
Saturday 15Mar-14;0,2
Tuesday 18Mar-14;10,0
Wednesday 19Mar-14;1,2
Saturday 29Mar-14;2,0
Monday 31Mar-14;10,2
Thursday 03Apr-14;7,0
Tuesday 15Apr-14;2,0
Monday 30Jun-14;11,0
Sunday 17Aug-14;12,0
Sunday 21Sept-14;0,5
Monday 29Sept-14;1,0
Sunday 26Oct-14;34,0
Monday 03Nov-14;2,5
Tuesday 04Nov-14;4,5
Sunday 09Nov-14;7,0
Tuesday 11Nov-14;13,8
Wednesday 12Nov-14;4,0
Thursday 13Nov-14;2,2
Sunday 16Nov-14;18,0
Monday 17Nov-14;3,0
Tuesday 18Nov-14;11,0
Sunday 23Nov-14;3,0
Monday 24Nov-14;9,0
Tuesday 25Nov-14;1,0
Thursday 27Nov-14;32,0
Sunday 30Nov-14;8,0
Monday 01Dec-14;6,9
Sunday 07Dec-14;1,0
Monday 08Dec-14;4,8
Tuesday 09Dec-14;21,0
Wednesday 10Dec-14;16,0
Thursday 11Dec-14;7,0
Friday 12Dec-14;8,0
Saturday 13Dec-14;9,0
Sunday 14Dec-14;18,0
Tuesday 16Dec-14;25,0
Wednesday 17Dec-14;1,0
Thursday 18Dec-14;2,0
Friday 19Dec-14;48,0
Saturday 20Dec-14;19,0
Monday 22Dec-14;4,8
Wednesday 24Dec-14;40,0
Thursday 25Dec-14;1,0
Friday 26Dec-14;8,0
Saturday 27Dec-14;8,5
Sunday 28Dec-14;38,0
Monday 29Dec-14;3,0
Thursday 01Jan-15;6,0
Friday 02Jan-15;1,0
Sunday 04Jan-15;8,5
Monday 05Jan-15;0,2
Thursday 08Jan-15;1,0
Saturday 10Jan-15;3,8
Thursday 15Jan-15;28,0
Tuesday 20Jan-15;0,8
Friday 23Jan-15;0,2
Monday 26Jan-15;1,4
Wednesday 28Jan-15;8,0
Thursday 29Jan-15;6,8
Friday 30Jan-15;0,8
Sunday 01Feb-15;1,8
Saturday 07Feb-15;0,2
Monday 09Feb-15;1,0
Saturday 14Feb-15;4,8
Tuesday 17Feb-15;46,0
Wednesday 25Feb-15;3,8
Monday 02Mar-15;1,6
Sunday 08Mar-15;4,5
Monday 16Mar-15;18,0
Thursday 19Mar-15;38,0
Friday 20Mar-15;22,0
Sunday 22Mar-15;55,0
Monday 23Mar-15;14,0
Wednesday 25Mar-15;2,1
Thursday 26Mar-15;4,5
Tuesday 07Apr-15;4,0
Wednesday 08Apr-15;16,0
Thursday 09Apr-15;4,0
Friday 10Apr-15;0,4
Friday 24Jul-15;5,0
Saturday 25Jul-15;5,0
Friday 04Sept-15;10,0
Saturday 05Sept-15;43,0
Sunday 06Sept-15;5,0
Saturday 19Sept-15;1,0
Friday 25Sept-15;3,0
Thursday 15Oct-15;4,1
Friday 16Oct-15;7,9
Sunday 25Oct-15;6,0
Monday 26Oct-15;2,7
Tuesday 27Oct-15;10,5
Saturday 14Nov-15;0,8
Sunday 15Nov-15;0,8
Tuesday 17Nov-15;10,0
Wednesday 18Nov-15;11,0
Friday 20Nov-15;18,0
Saturday 21Nov-15;22,0
Thursday 03Dec-15;4,8
Friday 04Dec-15;9,9
Saturday 05Dec-15;3,8
Tuesday 08Dec-15;2,2
Saturday 12Dec-15;30,0
Tuesday 15Dec-15;22,0
Friday 18Dec-15;1,5
Tuesday 22Dec-15;8,0
Friday 25Dec-15;1,0
Sunday 27Dec-15;3,0
Saturday 02Jan-16;3,9
Saturday 09Jan-16;32,0
Sunday 10Jan-16;14,0
Tuesday 12Jan-16;34,0
Wednesday 13Jan-16;5,9
Thursday 14Jan-16;2,7
Saturday 16Jan-16;15,0
Thursday 21Jan-16;15,0
Sunday 24Jan-16;20,0
Friday 05Feb-16;0,7
Sunday 07Feb-16;6,5
Tuesday 09Feb-16;3,0
Thursday 18Feb-16;20,0
Friday 19Feb-16;10,1
Thursday 25Feb-16;20,0
Friday 26Feb-16;3,0
Saturday 27Feb-16;9,0
Wednesday 02Mar-16;1,4
Wednesday 09Mar-16;2,5
Thursday 10Mar-16;165,0
Friday 11Mar-16;22,0
Saturday 12Mar-16;36,0
Sunday 13Mar-16;35,8
Thursday 17Mar-16;9,0
Friday 18Mar-16;40,0
Thursday 07Apr-16;8,0
Friday 22Apr-16;1,5
Wednesday 27Apr-16;8,0
Tuesday 10May-16;0,2
Sunday 15May-16;40,0
Monday 16May-16;18,0
Monday 13Jun-16;6,0
Tuesday 14Jun-16;11,5
Tuesday 26Jul-16;6,0
Wednesday 27Jul-16;2,0
Sunday 18Sept-16;6,8
Wednesday 28Sept-16;2,0
Sunday 09Oct-16;2,8
Sunday 16Oct-16;4,5
Wednesday 19Oct-16;11,8
Thursday 20Oct-16;10,0
Friday 21Oct-16;16,0
Saturday 22Oct-16;18,2
Sunday 23Oct-16;31,0
Thursday 27Oct-16;40,0
Tuesday 01Nov-16;1,7
Thursday 03Nov-16;6,3
Tuesday 08Nov-16;1,6
Thursday 10Nov-16;1,5
Friday 11Nov-16;68,5
Saturday 12Nov-16;24,0
Tuesday 15Nov-16;2,7
Wednesday 16Nov-16;0,2
Sunday 20Nov-16;3,0
Monday 21Nov-16;7,0
Wednesday 23Nov-16;1,0
Saturday 26Nov-16;8,0
Sunday 27Nov-16;1,5
Monday 28Nov-16;3,0
Thursday 01Dec-16;9,0
Friday 02Dec-16;3,8
Monday 05Dec-16;10,0
Tuesday 06Dec-16;0,4
Wednesday 07Dec-16;0,2
Friday 09Dec-16;2,9
Sunday 11Dec-16;21,8
Monday 12Dec-16;0,7
Tuesday 13Dec-16;17,0
Friday 16Dec-16;0,7
Saturday 17Dec-16;2,1
Tuesday 20Dec-16;22,0
Wednesday 21Dec-16;18,0
Sunday 25Dec-16;19,0
Wednesday 28Dec-16;5,0
Thursday 29Dec-16;9,0
Wednesday 04Jan-17;58,0
Thursday 05Jan-17;12,0
Saturday 07Jan-17;75,0
Sunday 08Jan-17;42,0
Monday 09Jan-17;1,0
Wednesday 11Jan-17;3,4
Friday 13Jan-17;1,0
Saturday 14Jan-17;3,0
Saturday 21Jan-17;2,5
Sunday 22Jan-17;10,0
Friday 27Jan-17;63,0
Saturday 28Jan-17;18,0
Tuesday 31Jan-17;14,0
Friday 10Feb-17;10,0
Tuesday 14Feb-17;6,0
Wednesday 15Feb-17;1,8
Monday 20Feb-17;22,0
Tuesday 21Feb-17;60,0
Wednesday 22Feb-17;75,0
Thursday 23Feb-17;2,0
Friday 24Feb-17;14,0
Saturday 25Feb-17;1,3
Friday 10Mar-17;3,0
Thursday 06Apr-17;2,5
Friday 07Apr-17;65,0
Tuesday 11Apr-17;18,0
Thursday 13Apr-17;4,5
Friday 14Apr-17;11,0
Saturday 15Apr-17;0,5
Monday 24Apr-17;7,0
Saturday 13May-17;16,0
Sunday 14May-17;16,0
Monday 15May-17;11,8
Sunday 09Jul-17;1,0
Tuesday 26Sept-17;9,0
Saturday 30Sept-17;53,0
Tuesday 03Oct-17;22,0
Friday 06Oct-17;29,0
Saturday 07Oct-17;7,0
Sunday 08Oct-17;4,0
Monday 09Oct-17;12,0
Saturday 21Oct-17;14,0
Sunday 22Oct-17;4,0
Tuesday 24Oct-17;1,5
Saturday 28Oct-17;0,3
Sunday 05Nov-17;6,0
Monday 13Nov-17;4,0
Wednesday 15Nov-17;12,0
Thursday 16Nov-17;21,0
Thursday 23Nov-17;14,2
Friday 24Nov-17;1,0
Saturday 25Nov-17;7,2
Sunday 26Nov-17;20,0
Tuesday 28Nov-17;42,0
Thursday 30Nov-17;7,8
Saturday 02Dec-17;0,8
Sunday 03Dec-17;0,8
Monday 04Dec-17;6,0
Tuesday 05Dec-17;10,0
Wednesday 06Dec-17;42,0
Thursday 07Dec-17;55,0
Friday 08Dec-17;3,0
Saturday 09Dec-17;2,5
Monday 11Dec-17;3,0
Wednesday 13Dec-17;9,7
Saturday 30Dec-17;24,0
Sunday 31Dec-17;9,0
Wednesday 10Jan-18;44,0
Tuesday 16Jan-18;30,0
Monday 22Jan-18;3,5
Wednesday 24Jan-18;16,0
Thursday 25Jan-18;9,2
Sunday 28Jan-18;5,0
Monday 29Jan-18;5,0
Saturday 03Feb-18;14,0
Sunday 04Feb-18;22,0
Wednesday 07Feb-18;20,0
Thursday 08Feb-18;6,0
Sunday 11Feb-18;1,9
Monday 12Feb-18;0,8
Tuesday 20Feb-18;3,8
Wednesday 21Feb-18;9,3
Thursday 22Feb-18;7,0
Saturday 24Feb-18;2,0
Thursday 01Mar-18;12,0
Monday 05Mar-18;4,0
Friday 09Mar-18;7,0
Thursday 15Mar-18;31,0
Sunday 18Mar-18;13,0
Monday 19Mar-18;10,0
Thursday 22Mar-18;55,0
Friday 23Mar-18;146,0
Saturday 24Mar-18;50,0
Sunday 01Apr-18;1,2
Tuesday 10Apr-18;9,1
Wednesday 11Apr-18;2,0
Thursday 12Apr-18;32,0
Friday 04May-18;16,3
Monday 14May-18;6,9
Thursday 31May-18;9,0
Friday 01Jun-18;5,0
Saturday 25Aug-18;2,5
Saturday 08Sept-18;10,0
Friday 28Sept-18;0,5
Saturday 29Sept-18;8,0
Thursday 04Oct-18;2,0
Saturday 13Oct-18;5,0
Sunday 14Oct-18;38,0
Monday 15Oct-18;8,0
Sunday 21Oct-18;6,0
Friday 02Nov-18;10,0
Tuesday 06Nov-18;3,4
Tuesday 20Nov-18;9,2
Sunday 25Nov-18;11,5
Monday 26Nov-18;11,2
Wednesday 28Nov-18;5,5
Friday 07Dec-18;5,0
Sunday 09Dec-18;17,8
Tuesday 11Dec-18;4,0
Saturday 15Dec-18;10,0
Monday 17Dec-18;0,3
Sunday 23Dec-18;4,8
Monday 24Dec-18;2,0
Friday 28Dec-18;3,0
Saturday 29Dec-18;14,0
Monday 31Dec-18;52,2
Wednesday 02Jan-19;18,0
Thursday 03Jan-19;22,0
Sunday 06Jan-19;3,5
Monday 07Jan-19;10,0
Wednesday 09Jan-19;23,0
Friday 11Jan-19;3,0
Saturday 12Jan-19;19,0
Tuesday 15Jan-19;32,0
Friday 18Jan-19;10,0
Thursday 24Jan-19;5,0
Friday 25Jan-19;20,0
Sunday 27Jan-19;7,0
Monday 28Jan-19;20,0
Thursday 31Jan-19;22,2
Saturday 02Feb-19;2,0
Monday 04Feb-19;13,0
Tuesday 12Feb-19;42,0
Wednesday 13Feb-19;4,8
Thursday 14Feb-19;44,0
Friday 15Feb-19;38,0
Saturday 16Feb-19;1,4
Friday 22Feb-19;16,0
Wednesday 06Mar-19;1,8
Saturday 09Mar-19;6,0
Tuesday 12Mar-19;2,8
Tuesday 26Mar-19;2,5
Friday 29Mar-19;3,8
Tuesday 02Apr-19;5,0
Wednesday 03Apr-19;0,3
Saturday 06Apr-19;33,0
Tuesday 09Apr-19;25,0
Saturday 13Apr-19;16,0
Tuesday 16Apr-19;1,8
Tuesday 23Apr-19;5,4
Wednesday 24Apr-19;2,3
Thursday 25Apr-19;3,7
Friday 26Apr-19;32,0
Saturday 07Sept-19;3,0
Wednesday 02Oct-19;1,5
Sunday 27Oct-19;10,0
Saturday 02Nov-19;90,0
Sunday 03Nov-19;1,5
Sunday 10Nov-19;6,0
Tuesday 12Nov-19;32,0
Wednesday 13Nov-19;11,3
Thursday 14Nov-19;23,0
Tuesday 19Nov-19;4,2
Thursday 21Nov-19;42,0
Friday 22Nov-19;1,6
Saturday 23Nov-19;3,5
Sunday 24Nov-19;12,2
Wednesday 04Dec-19;11,0
Thursday 05Dec-19;52,0
Friday 06Dec-19;31,0
Saturday 07Dec-19;2,8
Sunday 08Dec-19;7,0
Monday 09Dec-19;123,0
Tuesday 10Dec-19;73,0
Wednesday 11Dec-19;25,9
Sunday 22Dec-19;1,5
Monday 23Dec-19;34,0
Monday 30Dec-19;3,3
Thursday 02Jan-20;9,0
Sunday 05Jan-20;6,4
Tuesday 07Jan-20;19,0
Thursday 09Jan-20;12,0
Friday 10Jan-20;20,0
Monday 13Jan-20;3,5
Tuesday 14Jan-20;12,0
Sunday 19Jan-20;10,9
Friday 24Jan-20;7,8
Saturday 25Jan-20;20,0
Sunday 26Jan-20;4,5
Friday 31Jan-20;2,0
Friday 07Feb-20;4,2
Saturday 08Feb-20;11,0
Sunday 09Feb-20;7,5
Monday 10Feb-20;9,0
Tuesday 11Feb-20;1,5
Friday 14Feb-20;8,8
Saturday 22Feb-20;23,0
Friday 28Feb-20;4,0
Sunday 01Mar-20;4,0
Tuesday 03Mar-20;24,0
Friday 13Mar-20;32,0
Saturday 14Mar-20;1,6
Wednesday 18Mar-20;6,5
Sunday 22Mar-20;44,0
Tuesday 24Mar-20;6,5
Friday 27Mar-20;21,0
Tuesday 31Mar-20;3,5
Saturday 04Apr-20;65,0
Sunday 05Apr-20;22,0
Wednesday 15Apr-20;33,0
Sunday 26Apr-20;3,0
Monday 27Apr-20;2,3
Tuesday 28Apr-20;23,0
Wednesday 29Apr-20;2,7
Wednesday 17Jun-20;9,0
Wednesday 02Sept-20;8,0
Thursday 01Oct-20;8,0
Tuesday 06Oct-20;14,0
Monday 12Oct-20;23,5
Wednesday 21Oct-20;2,5
Sunday 25Oct-20;5,0
Monday 26Oct-20;9,8
Sunday 01Nov-20;55,0
Monday 02Nov-20;13,8
Friday 06Nov-20;24,0
Monday 09Nov-20;8,0
Tuesday 10Nov-20;4,0
Wednesday 11Nov-20;32,0
Saturday 21Nov-20;46,0
Sunday 22Nov-20;21,0
Monday 23Nov-20;7,8
Saturday 28Nov-20;47,0
Sunday 29Nov-20;5,0
Monday 30Nov-20;12,0
Wednesday 02Dec-20;7,0
Saturday 05Dec-20;19,0
Sunday 06Dec-20;1,4
Wednesday 09Dec-20;1,0
Sunday 13Dec-20;44,0
Tuesday 15Dec-20;3,0
Wednesday 16Dec-20;1,5
Thursday 17Dec-20;2,5
Friday 18Dec-20;7,0
Saturday 19Dec-20;9,0
Tuesday 22Dec-20;55,0
Saturday 02Jan-21;12,0
Thursday 07Jan-21;35,0
Monday 11Jan-21;86,0
Monday 25Jan-21;22,0
Tuesday 26Jan-21;27,0
Thursday 28Jan-21;6,3
Friday 29Jan-21;44,0
Saturday 30Jan-21;5,0
Sunday 31Jan-21;18,5
Tuesday 02Feb-21;34,0
Wednesday 03Feb-21;10,0
Friday 05Feb-21;3,5
Saturday 06Feb-21;18,0
Sunday 07Feb-21;8,5
Monday 08Feb-21;1,6
Tuesday 09Feb-21;4,6
Thursday 11Feb-21;1,2
Tuesday 23Feb-21;12,0
Wednesday 24Feb-21;2,0
Saturday 27Feb-21;9,5
Sunday 28Feb-21;7,5
Sunday 07Mar-21;2,8
Thursday 18Mar-21;12,0
Monday 22Mar-21;6,5
Monday 29Mar-21;6,0
Tuesday 30Mar-21;2,5
Wednesday 31Mar-21;2,0
Wednesday 07Apr-21;7,9
Friday 16Apr-21;1,9
Thursday 29Apr-21;17,0
Friday 30Apr-21;21,0
Sunday 09May-21;4,0
Sunday 15Aug-21;1,0
Thursday 30Sept-21;16,0
Friday 01Oct-21;42,0
Saturday 02Oct-21;13,0
Friday 08Oct-21;24,0
Saturday 09Oct-21;5,0
Tuesday 26Oct-21;16,0
Thursday 28Oct-21;1,0
Saturday 06Nov-21;1,5
Sunday 07Nov-21;4,0
Monday 08Nov-21;20,0
Tuesday 09Nov-21;16,0
Thursday 18Nov-21;27,0
Friday 19Nov-21;27,0
Saturday 20Nov-21;13,0
Sunday 21Nov-21;6,0
Monday 22Nov-21;4,0
Tuesday 23Nov-21;7,0
Thursday 25Nov-21;4,5
Friday 26Nov-21;44,0
Saturday 27Nov-21;14,0
Sunday 28Nov-21;16,0
Monday 29Nov-21;24,0
Thursday 02Dec-21;16,0
Saturday 04Dec-21;6,0
Sunday 05Dec-21;54,0
Monday 06Dec-21;5,0
Tuesday 07Dec-21;3,0
Wednesday 08Dec-21;6,0
Sunday 12Dec-21;4,0
Monday 13Dec-21;16,0
Tuesday 14Dec-21;20,0
Wednesday 15Dec-21;20,0
Thursday 16Dec-21;27,0
Saturday 18Dec-21;6,0
Wednesday 22Dec-21;28,0
Saturday 25Dec-21;30,0
Sunday 26Dec-21;18,0
Monday 27Dec-21;30,0
Friday 31Dec-21;42,0
Tuesday 04Jan-22;13,0
Saturday 08Jan-22;14,0
Saturday 15Jan-22;18,0
Tuesday 18Jan-22;20,0
Thursday 20Jan-22;6,0
Saturday 29Jan-22;12,0
Sunday 30Jan-22;2,0
Monday 31Jan-22;7,0
Friday 04Feb-22;65,0
Saturday 05Feb-22;60,0
Wednesday 09Feb-22;15,0
Thursday 10Feb-22;3,8
Friday 11Feb-22;15,8
Friday 18Feb-22;3,8
Saturday 19Feb-22;1,0
Sunday 20Feb-22;14,0
Monday 28Feb-22;4,3
Tuesday 01Mar-22;4,5
Wednesday 02Mar-22;4,8
Thursday 03Mar-22;4,8
Sunday 06Mar-22;7,0
Tuesday 15Mar-22;14,0
Wednesday 16Mar-22;2,5
Thursday 17Mar-22;18,0
Saturday 26Mar-22;7,0
Sunday 03Apr-22;15,0
Monday 04Apr-22;15,0
Saturday 09Apr-22;44,0
Sunday 10Apr-22;22,0
Monday 11Apr-22;32,0
Tuesday 12Apr-22;8,0
Saturday 16Apr-22;40,0
Sunday 17Apr-22;16,0
Sunday 24Apr-22;6,5
Monday 25Apr-22;6,5
Tuesday 26Apr-22;8,0
Monday 09May-22;1,8
Saturday 21May-22;18,0
Sunday 22May-22;0,5
Monday 23May-22;3,0
Wednesday 15Jun-22;4,0
Saturday 25Jun-22;23,2
Tuesday 18Oct-22;1,0
Wednesday 19Oct-22;1,0
Sunday 23Oct-22;7,5
Monday 24Oct-22;0,8
Tuesday 25Oct-22;10,0
Thursday 27Oct-22;36,0
Friday 28Oct-22;12,0
Saturday 29Oct-22;16,7
Thursday 03Nov-22;4,2
Saturday 05Nov-22;1,8
Monday 07Nov-22;8,0
Tuesday 08Nov-22;46,0
Wednesday 09Nov-22;44,0
Saturday 12Nov-22;13,0
Sunday 13Nov-22;65,0
Monday 14Nov-22;30,0
Saturday 19Nov-22;1,5
Saturday 26Nov-22;24,0
Sunday 27Nov-22;30,0
Tuesday 06Dec-22;16,0
Wednesday 07Dec-22;23,0
Friday 09Dec-22;3,8
Monday 12Dec-22;10,0
Tuesday 13Dec-22;22,0
Saturday 17Dec-22;32,0
Sunday 18Dec-22;5,0
Wednesday 21Dec-22;2,2
Thursday 22Dec-22;35,0
Monday 26Dec-22;2,0
Friday 30Dec-22;5,5
Saturday 31Dec-22;15,0
Friday 06Jan-23;11,0
Friday 20Jan-23;12,2
Monday 30Jan-23;11,8
Tuesday 31Jan-23;12,8
Tuesday 31Jan-23;70,0
Wednesday 01Feb-23;5,0
Friday 03Feb-23;28,0
Saturday 04Feb-23;60,0
Thursday 09Feb-23;3,0
Friday 10Feb-23;42,0
Saturday 11Feb-23;88,0
Sunday 12Feb-23;14,0
Monday 13Feb-23;21,0
Tuesday 14Feb-23;28,0
Wednesday 15Feb-23;14,0
Thursday 16Feb-23;1,2
Monday 20Feb-23;10,0
Tuesday 21Feb-23;8,0
Saturday 04Mar-23;4,5
Sunday 26Mar-23;16,0
Monday 27Mar-23;13,0
Friday 31Mar-23;10,0
Monday 03Apr-23;2,0
Tuesday 11Apr-23;32,0
Saturday 29Apr-23;6,0
Friday 05May-23;10,0
Monday 08May-23;30,0
Tuesday 09May-23;20,0
Sunday 14May-23;1,8
Monday 15May-23;10,0
Tuesday 16May-23;28,0
Wednesday 17May-23;18,0
Thursday 18May-23;8,0
Friday 19May-23;13,0
Tuesday 30May-23;5,8
Thursday 29Jun-23;12,0
Tuesday 11Jul-23;3,0
Thursday 28Sept-23;22,0
Monday 16Oct-23;16,0
Sunday 29Oct-23;1,0
Monday 30Oct-23;2,5
Tuesday 31Oct-23;10,0
Wednesday 01Nov-23;17,0
Wednesday 08Nov-23;46,0
Monday 13Nov-23;24,0
Tuesday 14Nov-23;11,0
Tuesday 21Nov-23;9,0
Wednesday 22Nov-23;4,0
Tuesday 28Nov-23;10,0
Thursday 07Dec-23;1,2
Saturday 09Dec-23;6,5
Monday 11Dec-23;9,0
Tuesday 12Dec-23;21,0
Saturday 16Dec-23;30,0
Tuesday 19Dec-23;2,0
Tuesday 26Dec-23;50,0
Wednesday 27Dec-23;20,0
Friday 29Dec-23;8,0
Saturday 06Jan-24;2,5
Sunday 07Jan-24;3,0
Monday 08Jan-24;8,0
Wednesday 10Jan-24;4,0
Friday 12Jan-24;9,0
Saturday 13Jan-24;14,0
Sunday 14Jan-24;12,0
Monday 15Jan-24;11,5
Wednesday 17Jan-24;36,0
Thursday 18Jan-24;9,0
Friday 26Jan-24;5,8
Saturday 27Jan-24;1,5
Monday 29Jan-24;50,0
Tuesday 30Jan-24;36,0
Wednesday 31Jan-24;8,5
Sunday 04Feb-24;9,0
Friday 09Feb-24;16,0
Saturday 10Feb-24;3,0
Friday 16Feb-24;21,0
Monday 19Feb-24;16,0
Tuesday 20Feb-24;1,5
Wednesday 21Feb-24;30,0
Saturday 24Feb-24;2,0
Sunday 03Mar-24;2,5
Friday 08Mar-24;6,0
Saturday 09Mar-24;1,5
Monday 11Mar-24;24,0
Tuesday 12Mar-24;10,0
Thursday 21Mar-24;5,5
Thursday 04Apr-24;56,0
Sunday 07Apr-24;42,0
Tuesday 09Apr-24;16,0
Wednesday 10Apr-24;27,0
Saturday 27Apr-24;13,0
Tuesday 14May-24;1,0
Monday 03Jun-24;6,0
Saturday 28Sept-24;2,0
Wednesday 16Oct-24;32,0
Monday 21Oct-24;6,0
Tuesday 22Oct-24;6,1
Monday 28Oct-24;3,8
Monday 04Nov-24;3,0
Friday 08Nov-24;29,0
Sunday 10Nov-24;9,0
Monday 11Nov-24;10,0
Wednesday 13Nov-24;12,0
Thursday 14Nov-24;50,0
Monday 18Nov-24;2,8
Tuesday 19Nov-24;5,0
Thursday 28Nov-24;6,0
Monday 09Dec-24;13,2
Friday 13Dec-24;0,8
Tuesday 17Dec-24;36,0
Wednesday 18Dec-24;25,0
Saturday 21Dec-24;0,5
Sunday 22Dec-24;3,2
Monday 23Dec-24;3,0
Tuesday 24Dec-24;5,0
Thursday 26Dec-24;2,0
Sunday 29Dec-24;32,0
Thursday 02Jan-25;50,0
Friday 03Jan-25;70,0
Monday 06Jan-25;9,0
Tuesday 07Jan-25;2,5
Wednesday 08Jan-25;3,0
Friday 10Jan-25;4,2
Saturday 11Jan-25;2,0
Sunday 12Jan-25;20,0
Monday 13Jan-25;14,0
Tuesday 14Jan-25;1,0
Wednesday 15Jan-25;0,5
Thursday 16Jan-25;7,0
Friday 17Jan-25;12,0
Friday 24Jan-25;0,3
Friday 31Jan-25;0,3
Saturday 01Feb-25;1,3
Monday 03Feb-25;2,0
Tuesday 04Feb-25;2,1
Monday 10Feb-25;1,2
Tuesday 11Feb-25;8,0
Wednesday 12Feb-25;0,2
Friday 14Feb-25;1,0
Sunday 16Feb-25;14,0
Monday 17Feb-25;8,0
Tuesday 18Feb-25;22,0
Wednesday 19Feb-25;53,0
Thursday 20Feb-25;60,0
Monday 24Feb-25;20,0
Friday 28Feb-25;0,2
Saturday 01Mar-25;9,0
Sunday 02Mar-25;23,0
Monday 03Mar-25;3,8
Sunday 09Mar-25;0,7
Monday 10Mar-25;2,0
Tuesday 11Mar-25;3,8
Wednesday 12Mar-25;10,0
Thursday 13Mar-25;20,0
Friday 14Mar-25;4,0
Saturday 15Mar-25;3,5
Sunday 16Mar-25;6,0
Monday 17Mar-25;1,9
Thursday 20Mar-25;2,0
Thursday 27Mar-25;1,0
Friday 28Mar-25;1,0
Saturday 29Mar-25;9,0
Thursday 03Apr-25;5,0
Friday 04Apr-25;28,0
Saturday 05Apr-25;3,0
Monday 07Apr-25;1,0
Thursday 10Apr-25;0,8
Wednesday 16Apr-25;7,0
Friday 18Apr-25;6,0
Sunday 20Apr-25;1,5
Thursday 24Apr-25;46,0
Friday 25Apr-25;5,0
Saturday 03May-25;6,0
Monday 09Jun-25;1,5
Saturday 05Jul-25;1,6
Saturday 26Jul-25;1,0
Thursday 07Aug-25;1,0
Friday 08Aug-25;3,0
Monday 29Sept-25;13,0
Friday 10Oct-25;10,0
Sunday 12Oct-25;4,0
Sunday 19Oct-25;8,0
Monday 20Oct-25;7,0
Tuesday 21Oct-25;7,0
Wednesday 29Oct-25;18,0
Thursday 30Oct-25;5,0
Friday 31Oct-25;12,0
Wednesday 05Nov-25;0,8
Friday 07Nov-25;2,5
Saturday 08Nov-25;9,0
Monday 10Nov-25;0,2
Tuesday 11Nov-25;9,9
Wednesday 12Nov-25;2,5
Sunday 16Nov-25;16,0
Monday 17Nov-25;17,0
Tuesday 18Nov-25;4,2
Wednesday 19Nov-25;1,9
Thursday 20Nov-25;3,0
Friday 21Nov-25;6,0
Monday 24Nov-25;29,0
Tuesday 25Nov-25;16,0
Wednesday 26Nov-25;22,0
Thursday 27Nov-25;27,0
Saturday 29Nov-25;6,0
Sunday 30Nov-25;22,0
Tuesday 02Dec-25;7,5
Wednesday 03Dec-25;9,0
Thursday 04Dec-25;3,0
Monday 08Dec-25;7,0
Tuesday 09Dec-25;10,0
Wednesday 10Dec-25;6,0
Thursday 11Dec-25;11,0
Saturday 13Dec-25;40,0
Wednesday 17Dec-25;15,0
Thursday 18Dec-25;10,0
Friday 19Dec-25;15,0
Saturday 20Dec-25;10,0
Sunday 21Dec-25;11,0
Monday 22Dec-25;20,0
Tuesday 23Dec-25;10,0
Wednesday 24Dec-25;16,0
Friday 26Dec-25;4,0
Saturday 27Dec-25;4,0
Monday 29Dec-25;4,0
Thursday 01Jan-26;5,0
Friday 02Jan-26;4,0
Sunday 04Jan-26;13,0
Monday 05Jan-26;3,0
